{
	"song": {
		"player1": "bf",
		"gfVersion": "gf",
		"notes": [
			{
				"sectionBeats": 4,
				"sectionNotes": [
					[
						176.470588235294,
						4,
						88.2352941176471
					],
					[
						352.941176470588,
						5,
						0
					],
					[
						441.176470588235,
						5,
						0
					],
					[
						529.411764705882,
						7,
						88.2352941176471
					],
					[
						705.882352941177,
						4,
						88.2352941176471
					],
					[
						882.352941176471,
						5,
						0
					],
					[
						970.588235294118,
						6,
						0
					],
					[
						1147.05882352941,
						5,
						0
					],
					[
						1323.52941176471,
						5,
						0
					],
					[
						1235.29411764706,
						6,
						0
					]
				],
				"typeOfSection": 0,
				"gfSection": false,
				"altAnim": false,
				"mustHitSection": false,
				"changeBPM": false,
				"bpm": 155
			},
			{
				"sectionBeats": 4,
				"sectionNotes": [
					[
						1500,
						4,
						88.2352941176471
					],
					[
						1676.47058823529,
						7,
						88.235294117647
					],
					[
						1411.76470588235,
						7,
						0
					]
				],
				"typeOfSection": 0,
				"gfSection": false,
				"altAnim": false,
				"mustHitSection": false,
				"changeBPM": false,
				"bpm": 150
			},
			{
				"sectionBeats": 4,
				"sectionNotes": [
					[
						3088.23529411765,
						4,
						176.470588235294
					],
					[
						3264.70588235294,
						5,
						0
					],
					[
						3441.17647058824,
						5,
						0
					],
					[
						3529.41176470588,
						7,
						88.2352941176471
					],
					[
						3705.88235294118,
						4,
						0
					],
					[
						3882.35294117647,
						7,
						0
					],
					[
						3970.58823529412,
						5,
						0
					],
					[
						4147.05882352941,
						5,
						0
					]
				],
				"typeOfSection": 0,
				"gfSection": false,
				"altAnim": false,
				"mustHitSection": false,
				"changeBPM": false,
				"bpm": 170
			},
			{
				"sectionBeats": 4,
				"sectionNotes": [
					[
						4235.29411764706,
						6,
						0
					],
					[
						4323.52941176471,
						4,
						0
					],
					[
						4411.76470588235,
						7,
						88.2352941176471
					],
					[
						4588.23529411765,
						4,
						0
					],
					[
						4676.47058823529,
						6,
						176.470588235294
					],
					[
						4941.17647058824,
						4,
						0
					],
					[
						4941.17647058824,
						7,
						0
					]
				],
				"typeOfSection": 0,
				"gfSection": false,
				"altAnim": false,
				"mustHitSection": false,
				"changeBPM": false,
				"bpm": 170
			},
			{
				"sectionBeats": 4,
				"sectionNotes": [
					[
						6088.23529411765,
						4,
						0
					],
					[
						6176.47058823529,
						7,
						0
					],
					[
						6264.70588235294,
						7,
						0
					],
					[
						6352.94117647059,
						7,
						0
					],
					[
						6441.17647058824,
						4,
						0
					],
					[
						6529.41176470588,
						7,
						0
					],
					[
						6617.64705882353,
						6,
						0
					],
					[
						6705.88235294118,
						5,
						0
					],
					[
						6794.11764705882,
						6,
						0
					],
					[
						6882.35294117647,
						4,
						0
					],
					[
						6970.58823529412,
						5,
						0
					]
				],
				"typeOfSection": 0,
				"gfSection": false,
				"altAnim": false,
				"mustHitSection": false,
				"changeBPM": false,
				"bpm": 170
			},
			{
				"sectionBeats": 4,
				"sectionNotes": [
					[
						7058.82352941176,
						6,
						0
					],
					[
						7147.05882352941,
						5,
						0
					],
					[
						7235.29411764706,
						7,
						0
					],
					[
						7323.52941176471,
						4,
						0
					],
					[
						7411.76470588235,
						6,
						0
					],
					[
						7500,
						7,
						0
					],
					[
						7588.23529411765,
						5,
						0
					],
					[
						7852.94117647059,
						6,
						0
					],
					[
						7676.47058823529,
						4,
						0
					],
					[
						7764.70588235294,
						6,
						0
					],
					[
						7941.17647058824,
						6,
						0
					],
					[
						8029.41176470588,
						4,
						0
					],
					[
						8117.64705882353,
						7,
						0
					],
					[
						8205.88235294118,
						6,
						0
					],
					[
						8294.11764705882,
						4,
						0
					],
					[
						8382.35294117647,
						5,
						0
					]
				],
				"typeOfSection": 0,
				"gfSection": false,
				"altAnim": false,
				"mustHitSection": false,
				"changeBPM": false,
				"bpm": 170
			},
			{
				"sectionBeats": 4,
				"sectionNotes": [
					[
						8470.58823529412,
						6,
						0
					],
					[
						8558.82352941176,
						7,
						0
					],
					[
						8647.05882352941,
						6,
						0
					],
					[
						8735.29411764706,
						4,
						0
					],
					[
						8823.52941176471,
						6,
						0
					],
					[
						8911.76470588235,
						5,
						0
					],
					[
						9000,
						5,
						0
					],
					[
						9088.23529411765,
						4,
						0
					],
					[
						9176.47058823529,
						7,
						0
					],
					[
						9264.70588235294,
						6,
						0
					],
					[
						9352.94117647059,
						6,
						0
					],
					[
						9441.17647058823,
						4,
						0
					],
					[
						9529.41176470588,
						6,
						0
					],
					[
						9617.64705882353,
						7,
						0
					],
					[
						9705.88235294118,
						6,
						0
					],
					[
						9794.11764705882,
						5,
						0
					]
				],
				"typeOfSection": 0,
				"gfSection": false,
				"altAnim": false,
				"mustHitSection": false,
				"changeBPM": false,
				"bpm": 170
			},
			{
				"sectionBeats": 4,
				"sectionNotes": [
					[
						9882.35294117647,
						5,
						0
					],
					[
						9970.58823529412,
						4,
						0
					],
					[
						10058.8235294118,
						6,
						0
					],
					[
						10147.0588235294,
						4,
						0
					],
					[
						10235.2941176471,
						6,
						0
					],
					[
						10411.7647058824,
						5,
						0
					],
					[
						10500,
						7,
						0
					],
					[
						10588.2352941176,
						4,
						0
					],
					[
						10676.4705882353,
						5,
						0
					],
					[
						10764.7058823529,
						6,
						0
					],
					[
						10852.9411764706,
						4,
						0
					],
					[
						10941.1764705882,
						7,
						0
					],
					[
						11029.4117647059,
						5,
						0
					],
					[
						11117.6470588235,
						6,
						0
					],
					[
						11205.8823529412,
						4,
						0
					]
				],
				"typeOfSection": 0,
				"gfSection": false,
				"altAnim": false,
				"mustHitSection": false,
				"changeBPM": false,
				"bpm": 170
			},
			{
				"sectionBeats": 4,
				"sectionNotes": [
					[
						11294.1176470588,
						5,
						0
					],
					[
						11382.3529411765,
						7,
						0
					],
					[
						11470.5882352941,
						4,
						0
					],
					[
						11558.8235294118,
						7,
						0
					],
					[
						11647.0588235294,
						4,
						0
					],
					[
						11735.2941176471,
						7,
						0
					],
					[
						11823.5294117647,
						5,
						0
					],
					[
						11911.7647058824,
						6,
						0
					],
					[
						12000,
						4,
						0
					],
					[
						12088.2352941176,
						6,
						0
					],
					[
						12176.4705882353,
						5,
						0
					],
					[
						12264.7058823529,
						7,
						0
					],
					[
						12352.9411764706,
						6,
						0
					],
					[
						12441.1764705882,
						5,
						0
					],
					[
						12529.4117647059,
						5,
						0
					],
					[
						12617.6470588235,
						6,
						0
					],
					[
						12617.6470588235,
						4,
						0
					]
				],
				"typeOfSection": 0,
				"gfSection": false,
				"altAnim": false,
				"mustHitSection": false,
				"changeBPM": false,
				"bpm": 170
			},
			{
				"sectionBeats": 4,